Name: All_Antiplatelets
Created By: cooperjx@adf.bham.ac.uk
Created On: 2023-01-13
Contains codes for: IMRD (version: 2021-06-29) CEGEDIM (version: 2021-06-29) CPRD_AURUM (version: 2022-10-10) CPRD_GOLD (version: 2021-02-08) UHB
Keywords: [+150, +25, +250, +40, +400, +45, +5, +6.8, +7.71, +75, +8, /aspirin, /caffeine, /calcium, /camphor, /citric, /ethoheptazine, /menthol, /meprobam, /methyl, /quinine, 1, 1.000, 1.2, 1.606, 1.625, 10, 10.000, 100, 100.000, 1000, 100mg, 100mg/5ml, 10mg, 10mg/1ml, 10mg/2ml, 10mg/5ml, 110mg, 11mg, 12, 12.5, 120, 120mg, 125, 133mg, 14, 140mg, 15, 15.000, 150, 150.000, 150mg, 15mg, 15mg/1ml, 15mg/5ml, 16, 162.5, 165.3, 175, 18, 1g, 1mg/1mg, 1mg/1ml, 1mg/ml, 2, 20, 20.000, 200, 200.000, 200mg, 200mg/25mg, 200mg/5ml, 20mg/1ml, 20mg/5ml, 21, 225mg/5ml, 227, 227mg, 22mg, 24, 245mg, 25, 25.000, 250, 250mg, 250mg/5ml, 25mg, 25mg/5ml, 267mg, 28, 3.5, 30, 300, 300.000, 300mg, 300mg/5ml, 300mg/lysine, 30mg/5ml, 32, 320mg, 324, 324mg, 325, 325.000, 325mg, 32mg, 330, 37.5, 3mg/1ml, 4, 4.000, 40, 40.000, 400, 400/8, 400mg, 40mg, 40mg/1ml, 40mg/5ml, 45, 450mg, 45mg, 4mg, 5, 5.000, 50, 50.000, 500, 500.000, 500mg, 50mg, 50mg/5ml, 530mg, 56, 5mg, 5mg/1ml, 5mg/5ml, 6, 6.8, 60, 60.000, 600, 600mg, 600mg/glycine, 60mg, 62.5, 648, 65, 6mg, 6mg/ml, 7, 7.71, 7.710, 70, 75, 75.000, 75mg, 75mg/5ml, 7mg/ml, 8, 8.000, 81, 84, 8mg, 8mg/400mg, 90.000, 900.000, 900mg, 90mg, 954mg, 965mg, abbey, accord, acetylsalicylate, acetylsalicylic, acid, acid/aspirin, acid/aspirin/sodium, acid/codeine, acid/metoclopramide, actavis, administration, advanz, alissa, alka, alka-seltzer, alliance, almus, aloxiprin, ampoule, ampoules, anadin, angettes, anhydrous, antoin, applicable, applicableroute, applied, approved, aristo, arrow, asasantin, ashbourne, askit, aspar, aspav, aspegic, aspire, aspirin, aspirin/aloxiprin/caffeine, aspirin/bisoprolol, aspirin/caffeine, aspirin/codeine, aspirin/ethoheptazine, aspirin/isosorbide, aspirin/papaveretum, aspirin/paracetamol, aspirin/paracetamol/caffeine, aspirin1mg/1mgnot, aspirin300mggastro, aspirin300mggastro-resistant, aspirin75mggastro, aspirin75mggastro-resistant, aspirn, aspro, astrazeneca, atransipar, attia, bayer, beecham, beechams, benckiser, berk, bicarbonate, bicarbonate/citric, bicarbonate/paracetamol/aspirin/caffeine/citric, biology, bisoprolol, boehringer, boots, brilique, bristol, bristol-myers, brooks, c, caffeine, caffeine/aspirin, caffeine/aspirin/aloxiprin, caffeine/codeine, caffeine/dextropropoxyphene, caffeine/paracetamol/aspirin, caffeine/phenylephrine, calcium, cap, caplets, caprin, capsule, capsule2, capsule3, capsuleoral, capsules, carbonate, carbonate/aspirin, carbonate/caffeine, cardio, care, caspac, celltech, cerebrovase, chewable, chewing, chewing-gum, chlormezanone, chloroform, chlorphenamine, cit, citrate, citrate/aspirin, citrate/citric, citrate/meprobamate, citric, claradin, classic, clear, clopidogrel, clopidogrel300, clopidogrel600, clopidogrel75, co, co-codaprin, co-operative, codaprin, codeine, codene, codis, cold, colorama, combo, company, consilient, consumer, control, crystals, cst, cv, cyclizine, daiichi, danamep, de, dexcel, dexcel-pharma, dextropropoxyphene, dihydrocodeine, dipyridamole, dipyridamole/aspirin, dipyridamole100, dipyridamole100mgtabletoral, dipyridamole200, direct, disp, dispersible, disprin, dissolving, distribution, distriphar, division, dl, dl-lysine, doloxene, dose, dovers, dowelhurst, dr, dristan, drug, e/c, ec, ecogen, effervescent, efient, eli, enprin, ethoheptaline, ethoheptazine, europe, extra, family, fc, flamasacard, forte, france, free, fumarate, fumarate/aspirin, fynnon, galen, galpharm, gastro, gastro-resistant, gencardia, generic, generics, genesis, genus, glaxosmithkline, glycine, gram, granules, greenfield, grepid, gum, h, health, healthcare, high, hillcross, hydrochloride, hydrochloride/aspirin, hydrochloride/aspirin/sodium, hydrochloride/chlorphenamine, hydrogen, hypon, imazin, imported, ingelheim, injectable, injection, international, intrapharm, intravenous, isosorbide, ivax, j, junior, kent, laboprin, laboratories, lactose, lemon, leo, lexon, lilly, lin, liquid, lloyds, lloydspharmacy, loveridge, low, ltd, lysine, m, m/f, m/r, macleods, maleate/aspirin, management, mandaprin, manufacturer, martindale, mawdsley, mawdsley-brooks, maximum, medical, medicated, medicines, medihealth, medreich, meprobamate, merck, methocarbamol, methocarbamol/aspirin, metoclopramide, mg, mg/1.000mg, mg/1.000ml, mg/5, mg/5ml, mgslow, mgsuspensionnasogas, mgtabletgastrost, mgtabletoral, micropirin, migramax, milpharm, mix, mixture, ml, modaplate, modified, modified-release, molita, mononitrate, myers, mylan, napp, napsylate, napsylate/aspirin, necessity, nicholas, northern, northstar, northumbria, nu, nu-seals, nucare, numark, obg, ofcram, oin, operative, oral, order, original, orodispersible, oromucosal, p, paed, paediatric, pain, papaveretum, papaverutum, par, paracetamol, paracetamol/aspirin, paramed, paynocil, persantin, pfizer, pharma, pharmaceuticals, pharmachem, pharmacia, pharmacy, pharmaram, phensic, phenylephrine, phoenix, phos, phosphate, phosphate/aspirin, phosphate/aspirintablet, phosphate/paracetamol/aspirin, pilsco, pinewood, platet, plavix, plc, postmi, powder, powders, power, pr, prafsia, prasugrel, prasugrel10, prescription, products, protect, pure, pwdr, pyridantin, ranbaxy, rapid, ratiopharm, reckitt, rectal, reddys, release, reliever, research, resistant, retard, robaxisal, roche, rosemont, ross, route, rusco, s/r, sachet, sachets, safapryn, salicy, sandoz, sankyo, sanofi, seals, seltzer, services, shire, sigma, sodium, solprin, soluble, solution, solvent, sore, sovereign, special, specials, squibb, sr, sr0, sr200, ssl, sterwin, strength, sugar, sugar-free, sulfate, sulfate5mg/1mloral, sulphate, sup, supplies, suppositories, suppository, sus, suspension, suspensionclopidogrel, suspensionoral, tab, tablet, tablet10, tablet15, tablet2, tablet3, tablet4, tablet5, tablet6, tablet7, tablet8, tabletoral, tablets, tabtabletoral, tariff, tartrate/aspirin, teva, thame, thornton, ticagrelor, ticagrelor0, ticagrelor180, ticagrelor90, torrent, trolactin, uk, unknown, unlimited, vantage, vasyrol, veganin, vial, vials, vitamin, waymade, wellcome, wockhardt, wyeth, x, xl, xs, zanza, zentiva]