Name: All_AntiArrhythmics_D2T
Created By: koo657@student.bham.ac.uk
Created On: 2021-11-18
Last Modified By: koo657@student.bham.ac.uk
Last Modified On: 2021-11-22T00:22:04.123305
Contains codes for: CEGEDIM (version: 2021-06-29) CPRD_AURUM (version: 2021-07-19) CPRD_GOLD (version: 2021-02-08) IMRD (version: 2021-06-29) UHB
Keywords: [/adrenaline, 0.1, 0.15, 0.18, 0.2, 0.3, 0.4, 0.5, 0.50, 0.9, 000, 05, 1, 1.5, 1.50, 10, 10.000, 100, 100.000, 1000, 100mg, 100mg/100ml, 100mg/10ml, 100mg/1ml, 100mg/2ml, 100mg/5ml, 100microgram, 100microgram/1ml, 100micrograms/1ml, 100micrograms/20ml, 100micrograms/ml, 10mg, 10mg/1ml, 10mg/5ml, 10mg/ml, 112, 12.5, 12.500, 120, 1200mg1200, 120mg/120ml, 125, 125.000, 125mg/5ml, 125microgram, 125micrograms/5ml, 12mg/1ml, 12mg/4ml, 12mg/5ml, 130mg/130ml, 14, 15, 150, 150.000, 150mg, 150mg/15ml, 150mg/3ml, 150mg/5ml, 155mg/5ml, 15mg/5ml, 15microgram/1ml, 16.8, 160.000, 160mg, 160mg/4ml, 167.000, 167mg, 16mg/1ml, 16mg/5ml, 17mg/5ml, 18, 18.000, 18.75, 18mg/1ml, 1g, 1g/10ml, 1g/500ml, 1g/5ml, 1litre, 1mg/10ml, 1mg/1ml, 1mg/5ml, 2, 2.000, 2.2, 2.5, 2.97, 20, 20.000, 200, 200.000, 200000, 200mg, 200mg/10ml, 200mg/20ml, 200mg/5ml, 200mg/ml, 20mg, 20mg/10ml, 20mg/1ml, 20mg/2ml, 20mg/5ml, 20mg/ml, 20ml, 20mmol/1litre, 20mmol/500ml, 22mg/5ml, 240mg, 25, 25.000, 250, 250.000, 250mcg, 250mg, 250mg/10ml, 250mg/5ml, 250microgram, 250microgram/1ml, 250micrograms, 250micrograms/5ml, 25mg, 25mg/1ml, 25mg/5ml, 25microgram/1ml, 25ml, 28, 28.000, 28mg, 2g/500ml, 2mg/1ml, 2mg/ml, 2ml, 3, 3.000, 30, 30.000, 300, 300.000, 300mg, 300mg/100ml, 300mg/10ml, 300mg/5ml, 300mg300, 30mg, 30mg/10ml, 30mg/1ml, 30mg/5ml, 31.25, 33.33, 35.000, 35mg, 35mg/5ml, 360, 360.000, 360mg, 37.5, 38.000, 38mg, 3mg, 3mg/1ml, 3microgram, 4, 40, 40.000, 400, 400.000, 400mg, 400mg/20ml, 400mg/5ml, 400microgram, 400unit, 40mg, 40mg/1ml, 40mg/2ml, 40mg/4ml, 40mg/5ml, 40mg/ml, 45mg/5ml, 48, 48mg/16ml, 4mg/1ml, 4mg/5ml, 5, 5.000, 50, 50.000, 500, 500.000, 5000.000, 5000unit, 500mg, 500mg/10ml, 500mg/25ml, 500mg/500ml, 500mg/5ml, 500microgram, 500microgram/1ml, 500microgramcapsuleoral, 500micrograms/2ml, 500ml, 50mg, 50mg/10ml, 50mg/1ml, 50mg/5ml, 50mg/ml, 50microgram, 50microgram/1ml, 50microgram/ml, 50micrograms/1ml, 50micrograms/ml, 50ml, 54mg/5ml, 55mg, 56, 5g/500ml, 5mg, 5mg/1ml, 5mg/5ml, 5microgram/1ml, 5ml, 6, 6.000, 6.08, 6.080, 60, 60.000, 600, 600mg, 600mg600, 60mg, 60mg/1ml, 60mg/5ml, 62.5, 62.500, 65mg/5ml, 66mg/22ml, 6mg/1ml, 6mg/2ml, 6mg/5ml, 70mg/20ml, 750.000, 750mg/10ml, 750microgram, 75mg/5ml, 75micrograms/5ml, 8.000, 80, 80.000, 80mg, 80mg/5ml, 80microgram, 84, 84mg/5ml, 85mg/5ml, 8mg, 8mg/1ml, 8mg/5ml, 90, 900mg900, 90mg/5ml, 9mg/1ml, a/ethyl, accord, acetate, acetate/zinc, acetate6mg/1mloral, acetylsalicylate/adenosine/biotin/choline, acid, acid/magnesium, acid/manganese, acid/riboflavin/alpha, actavis, adenocor, adenoscan, adenosine, adenosine12, adenosine18, adenosine6, administration, adrenaline, advanz, ajmaline, alliance, almus, alpha, amidox, amiodarone, amp, ampoule, ampoules, amyben, anhydrous, anhydrous/biotin/colecalciferol/choline, anhydrous/ferrous, anhydrous/lidocaine, anhydrous/potassium, antibody, antigen, apotex, applicable, approved, aristo, arrow, arythmol, arzneimittel, ascorbate, ascorbate/alpha, aspen, astrazeneca, atropine, b.braun, bag, bags, bausch, baxter, berk, beta, beta-cardone, biotin, bisulfate, bisulphate, boehringer, boots, bottle, bottles, bowmed, bretylate, bretylium, brinavess, bristol, bristol-myers, brooks, btg, c, calcium, canada, cap, capsule, capsule10, capsule2, capsule4, capsule6, capsules, capsulesadenosine/sodium, cardone, cartridge, cartridges, cedilanid, cefsulodin, celltech, cheplapharm, chewable, chloride, chloride/sodium, choline, co, co-pharma, cobaltous, colecalciferol, colorama, company, concentrate, concentratedinfusion, consilient, copper, cordarone, correvio, cr, cre, crescent, cyanocobalamin, d, darmil, davis, de, dentsply, dexpanthenol, digamex, digibind, digifab, digitoxin, digoxin, digoxin-specific, digoxin0, digoxin100, digoxin1000, digoxin125, digoxin125microgramtabletoral, digoxin150, digoxin187.5, digoxin250, digoxin250microgramtabletoral, digoxin375, digoxin50, digoxin500, digoxin62.5, digoxin75, digoxin80, dilantin, dirythmin, disopyramide, disopyramide100mgcapsuleoral, disposable, distribution, division, dofetilide, dohme, dowelhurst, dried, dried/folic, dronedarone, drug, durettes, durules, e, elixir, ennogen, epanutin, epidural, epidural/perineural, ethmozine, ethyl, europe, ferrous, filled, flecainide, flynn, focus, folic, fragments, france, free, fresenius, g/990ml, generic, generics, germany, gilurytmal, ginjectionint.bolus, glaxosmithkline, glucose, glycerophosphate, glycerophosphate/ferrous, glycerophosphate/inositol/lecithin/ethyl, gm, gmbh, group, h, hameln, hc, hcl, health, healthcare, hillcross, hydrochloride, hydrochloride/adrenaline, hydrochloride/l-lysine, hydrochloride/noradrenaline, hydrochloride/riboflavin/rutoside/thiamine, hydrochloride/rutoside/thiamine, hydrochloride100, hydrochloride1200, hydrochloride200, hydrochloride300, hydrochloride400, hydrochloride40mg/1mloral, hydrochloride900, hydrogen, hydroquinidine, i/m, ibisqus, imported, inderal, infatabs, infusion, infusions, ingelheim, inj, injection, inositol, international, intra, intra-osseous, intramuscular, intramuscular/intravenous, intramuscular/subcutaneous/intravenous/perineural/epidural, intravenous, intravenous/intramuscular, isomide, ivax, jet, kabi, kent, kiditard, kinidin, kinidine, l, l-lysine, laboratories, lanatoside, lanoxin, laryngojet, lecithin, lexon, lidocaine, lidoderm, life, lignocaine, lignostab, linoleate, linoleate/manganese, linoleate/sodium, liquid, lomb, lorex, ltd, lupin, lysine, m/r, magnesium, management, manganese, martindale, mawdsley, mawdsley-brooks, mayne, mcg, medical, medication, medigoxin, medihealth, medreich, merck, mercury, mexiletine, mexitil, mg, mg/1.000ml, mg/1ml, mg/5, mg/5ml, mg/ml, mgcapsuleoral, mgdrug, mginjectionint.bolus, mginjectionint.infus, mgsuspensiongastrost, mgsuspensionoral, mgtabletnasogas, mgtabletoral, microgdrug, microgelixirnasogas, microgelixiroral, microginjectionint.bolus, microginjectionint.infus, microginjectioniv, microgram, microgram/1.000ml, microgram/1ml, micrograms, micrograms/1, micrograms/ml, microgtabletnasogas, microgtabletoral, milpharm, min, min-i-jet, minerals, mini, mini-plasco, minijet, mixed, ml, modified, modified-release, molybdate, molybdate/magnesium, monaspor, monmouth, monohydrate, monohydrate/copper, monohydrate/cyanocobalamin/dexpanthenol/calcium, monohydrate/nicotinamide/orotic, monohydrochloride, monohydrochloride/cobaltous, moracizine, multaq, myers, mylan, namuscla, neutral, nicotinamide, nitrate, nitrate/vitamin, no.12, no.13, no.14, no.15, no.16, no.17, no.26, no.27, no.31, northern, northstar, noumed, novartis, noxythiolin/lignocaine, nrim, numark, ointment, oral, order, oromucosal, orotic, osseous, oxide, oxide/adenosine/sodium, oxide/lecithin/nicotinamide/calcium, oxide750microgram, p, palmitate, palmitate/calcium, parenteral, parke, parke-davis, patches, peckforton, pediatric, pentran, perineural, perlongets, pfizer, pg, pharma, pharmaceuticals, pharmaram, phenobarb, phenobarbital, phenobarbitone, phenytoin, phenytoin1, phenytoin100, phenytoin150, phenytoin200, phenytoin240, phenytoin250, phenytoin275, phenytoin450, phenytoin90, phenytoin900, phoenix, phosphate, phosphate/inositol/potassium, pl, plasco, plc, potassium, powder, pre, pre-filled, prefilled, prescription, preservative, pro, pro-epanutin, procainamide, procanbid, prolonged, prolonged-release, pronestyl, propafenone, propranolol, pyridoxine, quinidine, r, ready, ready-mixed, release, research, retard, riboflavin, riboflavin/rutoside/thiamine, roi, rosemont, route, rutoside, rythmodan, rytmonorm, s/f, sa, sachet, sachets, sandoz, sanofi, sciences, seiyaku, select, select-a-jet, serecor, services, sharp, sigma, sodium, sol, solution, solutionflecainide, solutionmexiletine, solutionoral, sons, sotacor, sotalol, special, specific, spray, squibb, states, steriflex, subcutaneous, sugar, sugar-free, sulfate, sulfate/pyridoxine, sulphate, sulphate/ascorbic, sulphate/cobalt, sulphate/copper, sulphate/lysine, sulphate/orotic, sup, sure, sure-amp, sus, suspension, synthelabo, syr, syringe, syringes, systems, tab, tablet, tablet10, tablet2, tablet3, tablet4, tablet6, tablets, tambocor, tariff, tartrate, tartrate/cobaltous, tartrate/cyanocobalamin/dexpanthenol/pyridoxine, tartrate/l-lysine, tartrate/lidocaine, teikoku, teva, thiamine, tikosyn, tillomed, tocainide, tocopherol/colecalciferol/folic, tocopheryl, tonocard, tosilate, trading, triphosphate, ucb, uk, unit, united, unlimited, upjohn, vaginal, verapamil, vernakalant, vial, vials, vitamin, vitamins, vivioptal, w/v, waymade, wellcome, wockhardt, x, xl, xylocaine, xylocard, zentiva, zinc]