Name: AlphaBlocker
Created By: lxt002@student.bham.ac.uk
Created On: 2022-04-21
Contains codes for: IMRD (version: 2021-06-29) CEGEDIM (version: 2021-06-29) CPRD_AURUM (version: 2021-07-19) CPRD_GOLD (version: 2021-02-08) UHB
Keywords: [+1, -4, 0.4, 0.5, 1, 1.000, 1.6, 10, 10.000, 100, 100.000, 100mg/2ml, 10mg, 10mg/1ml, 10mg/5ml, 14, 14tabs, 14x2mg, 15, 150, 16mg/5ml, 1mg, 1mg/0.35ml, 1mg/1ml, 1mg/2ml, 1mg/5ml, 2, 2.000, 2.5, 2.500, 2.86, 2.860, 20.000, 200, 200.000, 200microgram, 200microgram/1ml, 20mg, 21, 25, 25.000, 250micrograms/5ml, 25mg, 25mg/5ml, 25micrograms/0.35ml, 25micrograms/2mg/0.35ml, 28, 2mg, 2mg/0.35ml, 2mg/1ml, 2mg/5ml, 30, 30mg/2ml, 32, 3mg/5ml, 4, 4.000, 40, 400.000, 400microgram, 400microgram/1ml, 400microgramcapsuleoral, 400micrograms/5ml, 4mg, 4mg/5ml, 5, 5.000, 5.71, 5.710, 50, 50.000, 500, 500.000, 500mcg, 500microgram, 500micrograms/5ml, 50mg, 50mg/1ml, 56, 5mg, 5mg/1ml, 5mg/5ml, 6, 6.000, 60, 6mg, 6mg/0.4mg, 6mg/5ml, 7, 71.43, 71.430, 7tabs, 7x1mg, 7x5mg, 8, 8.000, 80.000, 800.000, 800microgram/1ml, 80mg/5ml, 80microgram/1ml, 84, 8mg, 8mg/5ml, 90, 98, ab, abbott, accord, actavis, administration, advanz, alfuzosin, alfuzosin10, alliance, almus, alphacard, alphavase, amdipharm, ampoule, ampoules, apotex, applicable, approved, aristo, arrow, ashbourne, astellas, aurobindo, australia, aviptadil, aviptadil/phentolamine, b.d, baratol, bazetham, bd, benign, benph, besavar, boots, bph, bristol, brooks, byrne, canada, cap, capsule, capsule2, capsule3, capsule4, capsule5, capsules, cardozin, cardura, cascor, chemidex, colixil, combodart, company, concentrate, consilient, contiflo, cositam, cst, de, dexcel, dexcel-pharma, dibenyline, diffundox, distribution, doralese, dowelhurst, doxadura, doxazosin, doxazosin1, doxazosin10, doxazosin12, doxazosin16, doxazosin2, doxazosin3, doxazosin4, doxazosin5, doxazosin6, doxazosin8, doxzogen, dr, drug, dutasteride, dutasteride/tamsulosin, dutrozen, ennogen, essential, evolan, fannin, faramsil, flectone, flomax, flomaxtra, focus, fuzatal, galebon, gedeon, generic, generics, genus, glaxosmithkline, goldshield, group, h, hcl, health, healthcare, hillcross, hydrochloride, hydrochloride/dutasteride, hydrochloride/solifenacin, hydrochloride10mgmodified, hydrochloride10mgmodified-release, hydrochloride20mgtabletoral, hydrochloride2mgtabletoral, hydrochloride400microgrammodified, hydrochloride400microgrammodified-release, hydrochloride500microgram, hydrochloride80microgram/1mloral, hyperplasia, hypovase, hytrin, imported, indoramin, indoramin40, infusion, injection, international, intracavernous, intramuscular, intramuscular/intravenous, intravenous, invicorp, ivax, kelanu, kent, kirin, kirtacap, kyowa, laboratories, larbex, lexon, liquid, losinate, ltd, macleods, mawdsley, mawdsley-brooks, maxtron, medical, medicines, medihealth, medreich, mercury, mesilate, mesilate/aviptadil, mesilate2mgtabletoral, mesilate4mgtabletoral, mesylate, mg, mg/0.4mg, mg/1.000ml, mg/1ml, mg/5, mg/5ml, mg/ml, mgslow, mgtabletgastrost, mgtabletnasogas, mgtabletoral, microgcapsulegastrost, microgcapsuleoral, microgram, microgram/1.000ml, microgram/1ml, micrograms, microgtabletoral, milpharm, minipress, ml, modified, modified-release, morvesin, mr, mr400, mrcapsuleoral, mylan, necessity, niche, northern, northstar, omnic, omsula, oral, order, oxandosin, pack, paines, pamsvax, papaverine, petyme, pfizer, pharma, pharmaceuticals, phenoxybenzamine, phentolamine, phoenix, pilsco, pinexel, plc, pliva, powder, pr, prazosin, prazosin500, prescription, prostatic, prosurin, ranbaxy, raporsin, ratiopharm, reddys, release, relief, richter, rogitine, ross, route, sachet, sachets, sandoz, sanofi, sanofi-synthelabo, senetek, services, shire, sigma, slocinx, solifenacin, solution, somex, sovereign, special, specials, sr, starter, sterwin, stronazon, succinate, supplies, suspension, suspensionoral, synthelabo, tab, tablet, tablet1, tablet2, tablet3, tablet4, tablet6, tabletoral, tablets, tabphyn, tamfrex, tamsulosin, tamsumac, tamurex, tariff, terazosin, terazosine, teva, thornton, tiltab, uk, unlimited, upjohn, vasran, vesomni, vial, vials, waymade, wockhardt, x, xatral, xl, xl10, xl12, xl16, xl4, xl8, zanza, zentiva, zochek, zufal]