Name: All_Diuretics_ExclLactones_D2T
Created By: koo657@student.bham.ac.uk
Created On: 2021-11-22
Contains codes for: CEGEDIM (version: 2021-06-29) CPRD_AURUM (version: 2021-07-19) CPRD_GOLD (version: 2021-02-08) IMRD (version: 2021-06-29) UHB
Keywords: [+0.25, +1.25, +10, +100, +12.5, +15, +2.5, +20, +25, +250, +40, +5, +50, +6.25, +6.7, +7.7, +8, +8.4, -20, -40, -5, -50, -60, /202, /lactose, /metoprolol, /ml, /spironolactone, 0.25, 0.5, 1, 1.000, 1.25, 1.250, 1.3, 1.5, 1.500, 1.6, 1.7, 10, 10.000, 100, 100.000, 1000, 100mg, 100mg/12.5mg, 100mg/1ml, 100mg/25mg, 100mg/25mg/5ml, 100mg/5ml, 10mg, 10mg/12.5mg, 10mg/1ml, 10mg/2ml, 10mg/5ml, 10mg/80mg, 10mg/80mg/5ml, 10mg/clopamide, 10mg/ml, 10mmol, 12.5, 12.500, 120, 120.000, 120mg, 120mg/5ml, 120mg/spironolactone, 125mg/5ml, 12mg, 12mg/1ml, 14, 140, 140mg/5ml, 143mg/5ml, 14mg/1ml, 15, 150, 150.000, 150mg, 150mg/12.5mg, 150mg/5ml, 155mg/5ml, 15mg/5ml, 160.000, 160mg, 160mg/0.25mg, 160mg/12.5mg, 160mg/25mg, 160mg/5mg, 160mg/5ml, 16mg, 16mg/1ml, 180, 180.000, 180mg, 180mg/spironolactone, 187.5, 18mg, 1mg, 1mg/1ml, 1mg/5ml, 1mg/ml, 2.3, 2.5, 2.500, 20, 20.000, 200.000, 200mg, 200mg/12.5mg, 200mg/5ml, 200microgram/1ml, 20mg, 20mg/12.5mg, 20mg/2.5mg, 20mg/25mg, 20mg/2ml, 20mg/4ml, 20mg/50mg, 20mg/5mg/12.5mg, 20mg/5ml, 20mg/potassium, 20mg/spironolactone, 225mg/5ml, 237, 240.000, 240mg, 240mg/5ml, 24mg/1ml, 24mg/5ml, 25, 25.000, 250, 250.000, 250mcg, 250mcg/k, 250mg, 250mg/25ml, 250mg/5ml, 250microgram, 250microgram/1ml, 25mg, 25mg/1.25mg, 25mg/25mg, 25mg/50mg, 25mg/5ml, 25mg/potassium6.7mmol, 25mgcapsuleoral, 25mgtabletoral, 25mgwith10mgwith2.5mg, 25mgwith2.5mg, 25mgwith50mg, 25ml, 27mg/5ml, 28, 2mg, 2mg/1ml, 2mg/4ml, 2mg/5ml, 2ml, 3.000, 3.4, 3.75, 30, 30.000, 300, 300.000, 300mg, 300mg/12.5mg, 300mg/25mg, 300mg/5ml, 300micrograms/5ml, 30mg, 30mg/1ml, 30mg/5ml, 320mg, 330mg/5ml, 33mg/5ml, 350mg/5ml, 35mg/5ml, 360, 37.5, 375mg/5ml, 38mg/5ml, 3mg, 3mg/5ml, 4, 4.000, 4.5, 40, 40.000, 400microgram/1ml, 400micrograms/5ml, 40mg, 40mg/10mg/12.5mg, 40mg/10mg/25mg, 40mg/10mmol, 40mg/12.5mg, 40mg/1ml, 40mg/4ml, 40mg/5mg, 40mg/5mg/12.5mg, 40mg/5mg/25mg, 40mg/5ml, 40mg/8mmol, 40mg/amiloride, 40mgwith50mg, 47mg/5ml, 4mg, 4mg/1ml, 4mg/5ml, 4mg/epithiazide, 5, 5.000, 5.67, 5/401, 5/402, 5/50, 50, 50.000, 50/12.51, 500, 500.000, 500mcg, 500mg, 500mg/5ml, 500microgram, 500microgram/1ml, 500micrograms/5ml, 50mg, 50mg/12.5mg, 50mg/1ml, 50mg/25mg, 50mg/40mg, 50mg/50mg, 50mg/5ml, 50mg/ml, 50mg/spironolact.5, 50mg/vial, 50mgtabletoral, 56, 573.000, 573mg, 5mg, 5mg/1.25mg, 5mg/10ml, 5mg/1mg, 5mg/1ml, 5mg/40mg, 5mg/40mg/5ml, 5mg/50mg, 5mg/50mg/5ml, 5mg/5ml, 5mg/deserpidine, 5mg/hydrochlorthiazide, 5ml, 6, 6.25, 6.250, 6.5, 60, 60.8, 600.000, 600mg, 600microgram/1ml, 60mg, 60mg/5ml, 625, 630.000, 630mg, 6mg, 6mg/5ml, 7, 7.5, 7.7, 70, 70mg/5ml, 750.000, 750mg, 750mg/5ml, 75mg/5ml, 7mg/5ml, 8, 8.000, 8.1, 8.4, 80, 80.000, 800microgram/1ml, 800micrograms/5ml, 80mg, 80mg/12.5mg, 80mg/2.5mg, 80mg/25mg, 80mg/5ml, 80mg/8ml, 80mg/bendrofluazide, 85mg/5ml, 8mg/1ml, 8mg/5ml, 8mmol, 90.000, 900microgram/1ml, 90mg, 90mg/5ml, abbott, abicol, accord, accuretic, acebutolol, acezide, acid, actavis, actelsar, adizem, adizem-sr, adizem-xl, adizem-xl120, adizem-xl180, adizem-xl200, adizem-xl240, adizem-xl360, advanz, aldactide, aliskiren, alkaloids, alkapamid, alkavervir, alliance, almus, aluzine, amdipharm, amil, amil-co, amilamont, amilmaxco, amilofruse, amiloride, amilospare, amilozide, amlodipine, amlodipine/hydrochlorothiazide/olmesartan, amoride, ampoule, ampoule2, ampoules, anhydrous, antigen, approved, aprinox, arelix, arginine, arginine/indapamide, aridil, arrow, ashbourne, astrazeneca, atenix, atenolol, atenolol/amiloride, atenolol/bendroflumethiazide, atenolol/chlortalidone, atenolol/chlortalidone100mg, atenolol/chlortalidone50mg, aurobindo, aurum, bartholomew, baxter, baycaron, bayer, bendrofluazide, bendroflumethiazide, bendroflumethiazide/meprobamate, bendroflumethiazide/nadolol, bendroflumethiazide/potassium, bendroflumethiazide/propranolol, bendroflumethiazide/reserpine, bendroflumethiazide/timolol, bendroflumethiazide2.5, bendroflumethiazide2.5mgtabletoral, bendroflumethiazide5, bendromax, benthiazide, benzthiazide, benzthiazide/methoserpidine, berk, berkamil, berkozide, besilate, besilate/olmesartan, betaloc, betinex, bioglan, bisoprolol, boehringer, boots, borg, boston, brinaldix, bristol, bristol-myers, brooks, bumetanide, bumetanide/amiloride, bumetanide/potassium, bumetanide0, bumetanide0.5, bumetanide1, bumetanide2, bumetanide2.5, bumetanide3, bumetanide4, bumetanide5, bumetanidetabletoral, burgess, burinex, c, canada, candesartan, cap, capozide, capsule, capsule2, capsule4, capsuleoral, capsules, capsulesatenolol/amiloride, capto, capto-co, captopril, captopril/hydrochlorothiazide, carace, caralpha, cardide, celltech, centyl, chemidex, chloride, chloride/bendroflumethiazide, chloride/chlortalidone, chloride/clopamide, chloride/cyclopenthiazide, chloride/furosemide, chloride/hydrochlorothiazide, chlorothiazide, chlorothiazide/spironolactone, chlorothiazide/spironolactone/lact, chlorothiazide/spironolactone/lactose, chlortalidone, chlortalidone/metoprolol, chlortalidone/triamterene, chlortalidone25, chlortalidone50, chlorthalidone, chlorthiazide, clopamide, clopamide/pindolol, clorexolone, co, co-amilofruse, co-amilozide, co-betaloc, co-diovan, co-flumactone, co-pharma, co-prenozide, co-tenidone, co-triamterzide, co-zidocapt, coaprovel, colorama, comp, company, compliance, consilient, continus, corgaretic, coversyl, cozaar, cozaar-comp, crescent, cst, cyclopenthiazide, daiichi, de, decaserpyl, delvas, dhp, diltiazem, diovan, disposable, distribution, diumide, diumide-k, diuresal, diurexan, diuril, dohme, dominion, dose, dowelhurst, dr, drug, dryptal, dyazide, dytac, dytide, e, edecrin, edwin, effervescent, enalapril, enduron, enduronyl, ennogen, eprosartan, erbumine, erbumine/indapamide, esidrex, esidrex-k, essential, etacrynic, ethiazide, ethibide, europe, farma, fc, filled, flumactone, forte, france, free, froop, fru, fru-co, frumax, frumil, frusemek, frusemide, frusene, frusid, frusol, fumarate, fumarate/hydrochlorothiazide, furosemide, furosemide/penbutolol, furosemide/spironolactone, furosemide/triamterene, furosemide0, furosemide1, furosemide10, furosemide100, furosemide10mg/mlinjection, furosemide120, furosemide150, furosemide160, furosemide20, furosemide20mgtabletoral, furosemide250, furosemide280, furosemide375, furosemide40, furosemide40mgtabletoral, furosemide50, furosemide500, furosemide60, furosemide80, furosemideinjectionint.infus, furosemidetabletoral, galen, gastroenteral, gastroenteral/oral, generic, generics, genesis, genus, glucos, group, h, hameln, hbs, hcl, hct, health, healthcare, helios, hemihydrate, herbal, hillcross, hoechst, hyd, hydrenox, hydrochlor, hydrochloride, hydrochloride/atenolol/hydrochlorothiazide, hydrochloride/bendroflumethiazide, hydrochloride/bumetanide, hydrochloride/cyclopenthiazide, hydrochloride/furosemide, hydrochloride/hydrochlorothiazide, hydrochloride/hydrochlorothiazide/timolol, hydrochloride/hydrochlorothiazide50mg, hydrochloride/timolol, hydrochloride10, hydrochloride2.5, hydrochloride5, hydrochlorothiazide, hydrochlorothiazide/amlodipine, hydrochlorothiazide/captopril, hydrochlorothiazide/captopril25mg, hydrochlorothiazide/irbesartan, hydrochlorothiazide/losartan, hydrochlorothiazide/methyldopa, hydrochlorothiazide/metoprolol, hydrochlorothiazide/olmesartan, hydrochlorothiazide/quinapril, hydrochlorothiazide/reserpine, hydrochlorothiazide/sotalol, hydrochlorothiazide/telmisartan, hydrochlorothiazide/triamterene, hydrochlorothiazide/valsartan, hydrochlorothiazide1, hydrochlorothiazide100, hydrochlorothiazide25mg, hydrochlorothiazide50, hydroflumethiazide, hydromet, hydrosaluric, hygroton, hygroton-k, hypertane, icarus, icn, idis, imported, indapamide, indapamide/perindopril, indapamide1.5mgmodified-release, indapamide2.5, inderetic, inderex, indipam, infusion, ingelheim, inj, injection, innozide, intramuscular, intramuscular/intravenous, intravenous, intravenous/intramuscular, irbesartan, irbesartan/hydrochlorothiazide, irbesartan/hydrochlorothiazide150mg, irbesartan/hydrochlorothiazide300mg, iv, ivax, j, jet, k, kalceks, kalspare, kalten, kent, knoll, komil, laboratories, lactos, lagap, lasikal, lasilactone, lasipressin, lasix, lasoride, leo, lexon, liq, liquid, lisicostad, lisinopril, lisinopril/hydrochlorothiazide, lisinopril/hydrochlorothiazide10mg, lisoretic, lopresoretic, lorvacs, losartan, low, ls, ltd, lupin, m, m/r, macleods, maleate, maleate/bendroflumethiazide, maleate/hydrochlorothiazide, maleate/hydrochlorothiazide/amiloride, mannheim, mapemid, marion, martindale, mawdsley, mawdsley-brooks, mcg, mcgill, meda, medical, medicare, medihealth, medoxomil, medoxomil/amlodipine, medoxomil/hydrochlorothiazide, medreich, mefruside, meprobamate, merck, mercury, mersalyl, metenix, methoserpidine, methyclothiazide, methylclothiazide, methyldopa, metolazone, metolazone2.5, metolazone5, metoprolol, metwest, mg, mg/1.000ml, mg/10mg/5ml, mg/1ml, mg/2, mg/20mg, mg/20mg/5ml, mg/25, mg/250microgram, mg/25mg, mg/4, mg/5, mg/50, mg/5ml, mg/k, mg/ml, mg1, mgdrug, mginjectionint.bolus, mginjectionint.infus, mgoral, mgslow, mgtabletnasogas, mgtabletoral, micardisplus, microgram, microgram/1.000ml, micrograms, micrograms/ml, midamor, milpharm, min, min-i-jet, minijet, ml, mmol, modified, modified-release, moducren, moduret, moduretic, monozide, morson, mr1.5, mr2.5, msd, myers, mylan, naclex, nadolol, nadolol/bendroflumethiazide, napp, natramid, natrilix, navidrex, navidrex-k, navispare, neat, nebivolol, necessity, neo, neo-bendromax, neo-naclex, neo-naclex-k, neo-urizide, nephril, niche, nindaxa, normetic, northern, northstar, novartis, olmesartan, olmetec, opumide, opus, oral, order, orion, oxprenolol, p, pack, paed, paediatric, peckforton, penbutolol, perindopril, pfizer, pharma, pharma-z, pharmaceuticals, pharmachem, phoenix, pilsco, pindolol, pindolol/clopamide, pinewood, piretanide, plc, pliva, plus, polythiazide, potassium, potassium/hydrochlorothiazide, potassium/hydrochlorothiazide100mg, potassium12.5mg, pow, powder, pre, pre-filled, prefilled, prenozide, prescription, prestim, propanolol, propranolol, quinapril, r, ramipril, ranbaxy, ratiopharm, rauwolfia, rawel, reddy, regent, release, reserpine, reserpine/bendrofluazide, rhodes, rivopharm, roi, rorer, rosemont, ross, roussel, rx, s.a, s/f, s/r, sa, sach, sachet, sachets, saluric, sandoz, sankyo, sanofi, sanofi-synthelabo, sarfrusemide, schwarz, secadrex, serpasil, serpentina/hydroflumethiazide, services, servier, sevikar, sharp, shire, sigma, sol, solution, solutionnasogas, solutionoral, somex, sons, sotalol, sotazide, sovereign, special, spiro, spiro-co, spironolactone, spironolactone/chlorothiazide, spironolactone/hydroflumethiazide, squibb, sr, sr120, sr90, states, steinhard, stephar, strides, sugar, sulfate, supplies, sus, suspension, synthelabo, synuretic, syr, syringe, syringes, tab, tablet, tablet10, tablet2, tablet3, tablet4, tablet5, tablet6, tabletoral, tablets, tabtabletoral, tariff, tartrate, tartrate/hydrochlorothiazide, telmisartan, telmisartan/hydrochlorothiazide, tenavoid, tenben, tenchlor, tenidone, tenoret, tenoretic, tensaid, teofarma, teva, thame, theophylline, thomas, thornton, tillomed, timolol, tolerzide, tolucombi, torasemide, torem, torrent, tosilate, tosilate/indapamide, totaretic, trasidrex, triam, triam-co, triamaxco, triamterene, triamterene/benzthiazide, triamterene/furosemide, triamterene/hydrochlorothiazide, triamterzide, trinity, u.k, ucb, uk, united, unlimited, urizide, valsartan, valsartan/hydrochlorothiazide, valsartan/hydrochlorothiazide160mg, valsartan/hydrochlorothiazide80mg, varbim, vasetic, vial, vials, viskaldix, waymade, wockhardt, wyeth, x, xipamide, xiromed, xl, xl120, xl180, xl200, xl240, xl360, xuret, z, zaroxolyn, zentiva, zestoretic, zida, zida-co, zidocapt]